{
  "name": "Disability Status",
  "status": "active",
  "components": [
    {
      "id": 4,
      "type": "label",
      "label": "Label",
      "description": "A label component used in other input components. To see an example of it in use, see the text input component.",
      "props": {
        "for": "",
        "html": "",
        "text": "Applicant Details",
        "classes": "",
        "isPageHeading": false,
        "items": []
      },
      "editable_fields": [
        {
          "key": "text",
          "path": "text",
          "type": "text",
          "label": "Label Text"
        },
        {
          "key": "html",
          "path": "html",
          "type": "textarea",
          "label": "HTML (overrides text)"
        },
        {
          "key": "classes",
          "path": "classes",
          "type": "select",
          "label": "Label Classes",
          "options": [
            {
              "label": "None",
              "value": ""
            },
            {
              "label": "S",
              "value": "govuk-label--s"
            },
            {
              "label": "M",
              "value": "govuk-label--m"
            },
            {
              "label": "L",
              "value": "govuk-label--l"
            },
            {
              "label": "XL",
              "value": "govuk-label--xl"
            }
          ]
        },
        {
          "key": "for",
          "path": "for",
          "type": "text",
          "label": "For Attribute"
        },
        {
          "key": "isPageHeading",
          "path": "isPageHeading",
          "type": "select",
          "label": "Is Page Heading?",
          "options": [
            {
              "label": "True",
              "value": true
            },
            {
              "label": "False",
              "value": false
            }
          ]
        }
      ],
      "nunjucks_template": "\n{% from \"govuk/components/label/macro.njk\" import govukLabel %}\n\n{% if props.isPageHeading %}\n  <h1 class=\"govuk-label-wrapper\">\n{% endif %}\n  {{ govukLabel({\n    text: props.text,\n    html: props.html,\n    classes: props.classes,\n    for: props.for\n  }) }}\n{% if props.isPageHeading %}\n  </h1>\n{% endif %}\n",
      "status": "active",
      "created_at": "2025-03-25T21:46:41.000Z",
      "updated_at": "2025-04-02T16:35:50.000Z",
      "has_options": 0,
      "option_schema": null
    },
    {
      "id": 1,
      "type": "radio",
      "label": "Radio Group",
      "description": "A group of radio buttons to let users select one option from a list.",
      "props": {
        "hint": {
          "text": "You can only choose one"
        },
        "name": "example-radio",
        "items": [
          {
            "text": "Yes",
            "value": "1"
          },
          {
            "text": "No",
            "value": "2"
          }
        ],
        "classes": "govuk-radios",
        "disabled": false,
        "fieldset": {
          "legend": {
            "text": "Do you consider yourself to have a disability?",
            "classes": "govuk-fieldset__legend--l",
            "isPageHeading": false
          }
        },
        "attributes": {
          "data-options-endpoint": "$.props.endpoint"
        }
      },
      "editable_fields": [
        {
          "key": "legendText",
          "path": "fieldset.legend.text",
          "type": "text",
          "label": "Legend Text"
        },
        {
          "key": "hintText",
          "path": "hint.text",
          "type": "text",
          "label": "Hint Text"
        },
        {
          "key": "legendClasses",
          "path": "fieldset.legend.classes",
          "type": "select",
          "label": "Legend Classes",
          "options": [
            {
              "label": "Default (none)",
              "value": ""
            },
            {
              "label": "Small (s)",
              "value": "govuk-fieldset__legend--s"
            },
            {
              "label": "Medium (m)",
              "value": "govuk-fieldset__legend--m"
            },
            {
              "label": "Large (l)",
              "value": "govuk-fieldset__legend--l"
            },
            {
              "label": "Extra Large (xl)",
              "value": "govuk-fieldset__legend--xl"
            }
          ]
        },
        {
          "key": "isPageHeading",
          "path": "fieldset.legend.isPageHeading",
          "type": "select",
          "label": "Is Page Heading?",
          "options": [
            {
              "label": "Yes",
              "value": true
            },
            {
              "label": "No",
              "value": false
            }
          ]
        },
        {
          "key": "name",
          "path": "name",
          "type": "text",
          "label": "Radio Group Name"
        },
        {
          "key": "classes",
          "path": "classes",
          "type": "select",
          "label": "Container Classes",
          "options": [
            {
              "label": "Default (none)",
              "value": ""
            },
            {
              "label": "Inline",
              "value": "govuk-radios--inline"
            },
            {
              "label": "Small",
              "value": "govuk-radios--small"
            }
          ]
        },
        {
          "key": "formGroupClasses",
          "path": "formGroup.classes",
          "type": "select",
          "label": "Form Group Classes",
          "options": [
            {
              "label": "Default (none)",
              "value": ""
            },
            {
              "label": "Error State",
              "value": "govuk-form-group--error"
            }
          ]
        },
        {
          "key": "disabled",
          "path": "disabled",
          "type": "select",
          "label": "Disabled",
          "options": [
            {
              "label": "Yes",
              "value": true
            },
            {
              "label": "No",
              "value": false
            }
          ]
        },
        {
          "key": "options",
          "path": "items",
          "type": "optionList",
          "label": "Options"
        }
      ],
      "nunjucks_template": "{% from \"govuk/components/radios/macro.njk\" import govukRadios %}\r \r   {{ govukRadios({\r     name: props.name,\r     fieldset: {\r       legend: {\r         text: props.fieldset.legend.text,\r         isPageHeading: props.fieldset.legend.isPageHeading,\r         classes: props.fieldset.legend.classes\r       }\r     },\r     hint: {\r       text: props.hint.text\r     },\r     classes: props.classes,\r     formGroup: {\r       classes: props.formGroup.classes\r     },\r     disabled: props.disabled,\r     items: props.items}) }}",
      "status": "active",
      "created_at": "2025-03-25T14:10:39.000Z",
      "updated_at": "2025-04-02T18:19:29.000Z",
      "has_options": 1,
      "option_schema": [
        "text",
        "value"
      ]
    },
    {
      "id": 3,
      "type": "input",
      "label": "Text Input",
      "description": "A standard text field for short user input.",
      "props": {
        "hint": {
          "text": "Please specify your disability."
        },
        "name": "first-name",
        "type": "text",
        "label": {
          "text": "",
          "classes": "govuk-label--l"
        },
        "classes": "govuk-input",
        "disabled": false,
        "autocomplete": "given-name",
        "items": []
      },
      "editable_fields": [
        {
          "key": "labelText",
          "path": "label.text",
          "type": "text",
          "label": "Label Text"
        },
        {
          "key": "hintText",
          "path": "hint.text",
          "type": "text",
          "label": "Hint Text"
        },
        {
          "key": "labelClasses",
          "path": "label.classes",
          "type": "select",
          "label": "Label Classes",
          "options": [
            {
              "label": "Default (none)",
              "value": ""
            },
            {
              "label": "Small (s)",
              "value": "govuk-label--s"
            },
            {
              "label": "Medium (m)",
              "value": "govuk-label--m"
            },
            {
              "label": "Large (l)",
              "value": "govuk-label--l"
            }
          ]
        },
        {
          "key": "name",
          "path": "name",
          "type": "text",
          "label": "Name"
        },
        {
          "key": "autocomplete",
          "path": "autocomplete",
          "type": "text",
          "label": "Autocomplete"
        },
        {
          "key": "classes",
          "path": "classes",
          "type": "text",
          "label": "CSS Classes"
        },
        {
          "key": "formGroupClasses",
          "path": "formGroup.classes",
          "type": "select",
          "label": "Form Group Classes",
          "options": [
            {
              "label": "Default (none)",
              "value": ""
            },
            {
              "label": "Error State",
              "value": "govuk-form-group--error"
            }
          ]
        },
        {
          "key": "disabled",
          "path": "disabled",
          "type": "select",
          "label": "Disabled",
          "options": [
            {
              "label": "Yes",
              "value": true
            },
            {
              "label": "No",
              "value": false
            }
          ]
        }
      ],
      "nunjucks_template": "\n{% from \"govuk/components/input/macro.njk\" import govukInput %}\n\n{{ govukInput({\n  name: props.name,\n  type: props.type,\n  label: {\n    text: props.label.text,\n    classes: props.label.classes\n  },\n  hint: {\n    text: props.hint.text\n  },\n  classes: props.classes,\n  autocomplete: props.autocomplete,\n  formGroup: {\n    classes: props.formGroup.classes\n  },\n  disabled: props.disabled\n}) }}\n",
      "status": "active",
      "created_at": "2025-03-25T14:12:43.000Z",
      "updated_at": "2025-04-02T18:30:26.000Z",
      "has_options": 0,
      "option_schema": null
    }
  ]
}