{
  "name": "Email Reminder (Hindi)",
  "type": "Email",
  "status": "Draft",
  "language": "Hindi",
  "subject": "नियुक्ति अनुस्मारक",
  "content": "प्रिय {applicant_name},\n\nयह आपको {appointment_date} को {VAC_address} पर होने वाली आपकी नियुक्ति की याद दिलाने के लिए है।\n\nकृपया निम्नलिखित दस्तावेज़ साथ लाएँ:\n\n- आपका नियुक्ति संदर्भ नंबर।\n- आपका बायोमेट्रिक निर्देश पत्र (केवल बायोमेट्रिक संग्रह नियुक्ति के लिए)।\n- IRCC द्वारा अनुरोधित कोई अन्य दस्तावेज़।\n\nयदि आपको अपनी नियुक्ति रद्द या पुनर्निर्धारित करनी है, तो कृपया अपने खाते में लॉगिन करें या हमें {contact_number} पर कॉल करें।\n\nजल्द ही मिलते हैं!\nCRDV टीम"
}