{
  "template_key": "file-upload",
  "type": "file-upload",
  "label": "File Upload",
  "description": "Upload one or more supporting documents (bilingual-ready label & hint).",
  "status": "active",
  "default_props": {
    "name": "uploaded-file",
    "id": "",
    "label": { "text": { "en": "Upload a file", "fr": "Téléversez un fichier" }, "classes": "govuk-label--m" },
  "hint": { "text": { "en": "This is the hint text for file upload", "fr": "Ceci est le texte d'aide pour le téléversement" } },
    "errorMessage": { "text": "" },
  "multiple": false,
  "maxSizeMb": 10,
  "accept": ".pdf,.jpg,.jpeg,.png,.gif,.heic",
  "showMimeList": false,
  "showMaxSize": false,
    "documentType": "",
    "classes": "",
    "formGroup": { "classes": "" },
    "disabled": false
  },
  "prop_schema": [
    { "key": "name", "path": "name", "type": "text", "label": "Data Key" },
    { "key": "label.text", "path": "label.text", "type": "text", "label": "Label Text" },
    { "key": "label.classes", "path": "label.classes", "type": "select", "label": "Label Classes", "options": [
      { "label": "Medium (m)", "value": "govuk-label--m" },
      { "label": "Small (s)", "value": "govuk-label--s" },
      { "label": "Large (l)", "value": "govuk-label--l" },
      { "label": "Extra Large (xl)", "value": "govuk-label--xl" },
      { "label": "Visually Hidden", "value": "govuk-visually-hidden" },
      { "label": "None", "value": "" }
    ] },
    { "key": "hint.text", "path": "hint.text", "type": "text", "label": "Hint Text" },
    { "key": "multiple", "path": "multiple", "type": "select", "label": "Allow Multiple?", "options": [
      { "label": "No", "value": false },
      { "label": "Yes", "value": true }
    ] },
    { "key": "maxSizeMb", "path": "maxSizeMb", "type": "number", "label": "Max Size (MB)" },
    { "key": "accept", "path": "accept", "type": "text", "label": "Accept (MIME list)" },
    { "key": "showMimeList", "path": "showMimeList", "type": "select", "label": "Show MIME List?", "options": [
      { "label": "Yes", "value": true },
      { "label": "No", "value": false }
    ] },
    { "key": "showMaxSize", "path": "showMaxSize", "type": "select", "label": "Show Max Size?", "options": [
      { "label": "Yes", "value": true },
      { "label": "No", "value": false }
    ] },
    { "key": "documentType", "path": "documentType", "type": "text", "label": "Document Type (metadata)" },
    { "key": "classes", "path": "classes", "type": "text", "label": "CSS Classes" },
    { "key": "formGroup.classes", "path": "formGroup.classes", "type": "select", "label": "Form Group Classes", "options": [
      { "label": "Default (none)", "value": "" },
      { "label": "Error State", "value": "govuk-form-group--error" }
    ] },
    { "key": "disabled", "path": "disabled", "type": "select", "label": "Disabled?", "options": [
      { "label": "False", "value": false },
      { "label": "True", "value": true }
    ] }
  ],
  "has_options": false,
  "option_schema": null,
  "export_njk_template": "{% set theId = props.id or props.name %}\n{% set labelObj = props.label %}\n{% set hintObj = props.hint %}\n{% set sizeMb = props.maxSizeMb or 10 %}\n{% set types = props.accept or '.pdf,.jpg,.jpeg,.png,.gif,.heic' %}\n<div class=\"govuk-form-group {{ props.formGroup.classes }}\">\n  {% if labelObj %}\n  <label class=\"govuk-label {{ labelObj.classes }}\" for=\"{{ theId }}\">{{ labelObj.text }}</label>\n  {% endif %}\n  {% if hintObj and hintObj.text %}<div class=\"govuk-hint\">{{ hintObj.text }}</div>{% endif %}\n  <input class=\"govuk-file-upload {{ props.classes }}\" id=\"{{ theId }}\" name=\"{{ props.name }}\" type=\"file\"{% if props.multiple %} multiple{% endif %}{% if props.accept %} accept=\"{{ props.accept }}\"{% endif %}{% if props.documentType %} data-document-type=\"{{ props.documentType }}\"{% endif %}{% if props.maxSizeMb is defined %} data-max-size-mb=\"{{ props.maxSizeMb }}\"{% endif %}{% if props.disabled %} disabled{% endif %}>\n  {% if props.showMimeList %}<div class=\"govuk-hint\">Allowed types: {{ types }}</div>{% endif %}\n  {% if props.showMaxSize %}<div class=\"govuk-hint\">Max size: {{ sizeMb }}MB.</div>{% endif %}\n</div>"
}
