{
  "name": "SIN Number",
  "status": "active",
  "components": [
    {
      "id": 4,
      "type": "label",
      "label": "Label",
      "description": "A label component used in other input components. To see an example of it in use, see the text input component.",
      "props": {
        "for": "",
        "html": "",
        "text": "Applicant Details",
        "classes": "",
        "isPageHeading": false,
        "items": []
      },
      "editable_fields": [
        {
          "key": "text",
          "path": "text",
          "type": "text",
          "label": "Label Text"
        },
        {
          "key": "html",
          "path": "html",
          "type": "textarea",
          "label": "HTML (overrides text)"
        },
        {
          "key": "classes",
          "path": "classes",
          "type": "select",
          "label": "Label Classes",
          "options": [
            {
              "label": "None",
              "value": ""
            },
            {
              "label": "S",
              "value": "govuk-label--s"
            },
            {
              "label": "M",
              "value": "govuk-label--m"
            },
            {
              "label": "L",
              "value": "govuk-label--l"
            },
            {
              "label": "XL",
              "value": "govuk-label--xl"
            }
          ]
        },
        {
          "key": "for",
          "path": "for",
          "type": "text",
          "label": "For Attribute"
        },
        {
          "key": "isPageHeading",
          "path": "isPageHeading",
          "type": "select",
          "label": "Is Page Heading?",
          "options": [
            {
              "label": "True",
              "value": true
            },
            {
              "label": "False",
              "value": false
            }
          ]
        }
      ],
      "nunjucks_template": "\n{% from \"govuk/components/label/macro.njk\" import govukLabel %}\n\n{% if props.isPageHeading %}\n  <h1 class=\"govuk-label-wrapper\">\n{% endif %}\n  {{ govukLabel({\n    text: props.text,\n    html: props.html,\n    classes: props.classes,\n    for: props.for\n  }) }}\n{% if props.isPageHeading %}\n  </h1>\n{% endif %}\n",
      "status": "active",
      "created_at": "2025-03-25T21:46:41.000Z",
      "updated_at": "2025-04-02T16:35:50.000Z",
      "has_options": 0,
      "option_schema": null
    },
    {
      "id": 3,
      "type": "input",
      "label": "Text Input",
      "description": "A standard text field for short user input.",
      "props": {
        "hint": {
          "text": "Your Social Insurance Number (SIN) is a 9-digit number issued by the Government of Canada. We require it to verify your eligibility for the ISET program. Your information will be kept confidential in accordance with Canadian privacy laws."
        },
        "name": "first-name",
        "type": "text",
        "label": {
<<<<<<< HEAD
          "text": "What is your Stupid Insurance Number (SIN)?",
=======
          "text": "What is your Social Insurance Number (SIN)?",
>>>>>>> 40ade3067980858d91ef26d905a34bdb499d1399
          "classes": "govuk-label--l"
        },
        "classes": "govuk-input",
        "disabled": false,
        "autocomplete": "given-name",
        "items": []
      },
      "editable_fields": [
        {
          "key": "labelText",
          "path": "label.text",
          "type": "text",
          "label": "Label Text"
        },
        {
          "key": "hintText",
          "path": "hint.text",
          "type": "text",
          "label": "Hint Text"
        },
        {
          "key": "labelClasses",
          "path": "label.classes",
          "type": "select",
          "label": "Label Classes",
          "options": [
            {
              "label": "Default (none)",
              "value": ""
            },
            {
              "label": "Small (s)",
              "value": "govuk-label--s"
            },
            {
              "label": "Medium (m)",
              "value": "govuk-label--m"
            },
            {
              "label": "Large (l)",
              "value": "govuk-label--l"
            }
          ]
        },
        {
          "key": "name",
          "path": "name",
          "type": "text",
          "label": "Name"
        },
        {
          "key": "autocomplete",
          "path": "autocomplete",
          "type": "text",
          "label": "Autocomplete"
        },
        {
          "key": "classes",
          "path": "classes",
          "type": "text",
          "label": "CSS Classes"
        },
        {
          "key": "formGroupClasses",
          "path": "formGroup.classes",
          "type": "select",
          "label": "Form Group Classes",
          "options": [
            {
              "label": "Default (none)",
              "value": ""
            },
            {
              "label": "Error State",
              "value": "govuk-form-group--error"
            }
          ]
        },
        {
          "key": "disabled",
          "path": "disabled",
          "type": "select",
          "label": "Disabled",
          "options": [
            {
              "label": "Yes",
              "value": true
            },
            {
              "label": "No",
              "value": false
            }
          ]
        }
      ],
      "nunjucks_template": "\n{% from \"govuk/components/input/macro.njk\" import govukInput %}\n\n{{ govukInput({\n  name: props.name,\n  type: props.type,\n  label: {\n    text: props.label.text,\n    classes: props.label.classes\n  },\n  hint: {\n    text: props.hint.text\n  },\n  classes: props.classes,\n  autocomplete: props.autocomplete,\n  formGroup: {\n    classes: props.formGroup.classes\n  },\n  disabled: props.disabled\n}) }}\n",
      "status": "active",
      "created_at": "2025-03-25T14:12:43.000Z",
      "updated_at": "2025-04-02T18:30:26.000Z",
      "has_options": 0,
      "option_schema": null
    },
    {
      "id": 20,
      "type": "warning-text",
      "label": "Warning Text",
      "description": "Displays a prominent warning with an icon, typically used for critical information or alerts.",
      "props": {
<<<<<<< HEAD
        "text": "Don't be an idiot!",
=======
        "text": "We will keep your SIN Number and other personal data secure.  You have a regith to ask us to delete it any time.",
>>>>>>> 40ade3067980858d91ef26d905a34bdb499d1399
        "classes": "",
        "iconFallbackText": "Warning",
        "items": []
      },
      "editable_fields": [
        {
          "key": "text",
          "path": "text",
          "type": "text",
          "label": "Warning Text"
        },
        {
          "key": "iconFallbackText",
          "path": "iconFallbackText",
          "type": "text",
          "label": "Icon Fallback Text"
        },
        {
          "key": "classes",
          "path": "classes",
          "type": "text",
          "label": "CSS Classes"
        }
      ],
      "nunjucks_template": "{% from \"govuk/components/warning-text/macro.njk\" import govukWarningText %}\n\n{{ govukWarningText({\n  text: props.text,\n  iconFallbackText: props.iconFallbackText,\n  classes: props.classes\n}) }}",
      "status": "active",
      "created_at": "2025-03-27T21:08:12.000Z",
      "updated_at": "2025-03-27T21:08:12.000Z",
      "has_options": 0,
      "option_schema": null
    }
  ]
}