{
  "name": "BIL Upload",
  "status": "active",
  "components": [
    {
      "id": 4,
      "type": "label",
      "label": "Label",
      "description": "A label component used in other input components. To see an example of it in use, see the text input component.",
      "props": {
        "for": "",
        "html": "",
        "text": "Book an appointment",
        "classes": "govuk-label--m",
        "isPageHeading": false,
        "items": []
      },
      "editable_fields": [
        {
          "key": "text",
          "path": "text",
          "type": "text",
          "label": "Label Text"
        },
        {
          "key": "html",
          "path": "html",
          "type": "textarea",
          "label": "HTML (overrides text)"
        },
        {
          "key": "classes",
          "path": "classes",
          "type": "select",
          "label": "Label Classes",
          "options": [
            {
              "label": "None",
              "value": ""
            },
            {
              "label": "S",
              "value": "govuk-label--s"
            },
            {
              "label": "M",
              "value": "govuk-label--m"
            },
            {
              "label": "L",
              "value": "govuk-label--l"
            },
            {
              "label": "XL",
              "value": "govuk-label--xl"
            }
          ]
        },
        {
          "key": "for",
          "path": "for",
          "type": "text",
          "label": "For Attribute"
        },
        {
          "key": "isPageHeading",
          "path": "isPageHeading",
          "type": "select",
          "label": "Is Page Heading?",
          "options": [
            {
              "label": "True",
              "value": true
            },
            {
              "label": "False",
              "value": false
            }
          ]
        }
      ],
      "nunjucks_template": "\n{% from \"govuk/components/label/macro.njk\" import govukLabel %}\n\n{% if props.isPageHeading %}\n  <h1 class=\"govuk-label-wrapper\">\n{% endif %}\n  {{ govukLabel({\n    text: props.text,\n    html: props.html,\n    classes: props.classes,\n    for: props.for\n  }) }}\n{% if props.isPageHeading %}\n  </h1>\n{% endif %}\n",
      "status": "active",
      "created_at": "2025-03-25T21:46:41.000Z",
      "updated_at": "2025-04-02T16:35:50.000Z",
      "has_options": 0,
      "option_schema": null
    },
    {
      "id": 19,
      "type": "file-upload",
      "label": "File Upload",
      "description": "A file input allowing users to select and upload one or more files.",
      "props": {
        "id": "BIL-Upload",
        "hint": {
          "text": "Please upload your Biometric Instruction Letter (BIL) as a PDF or image file. The file must be a JPG, BMP, PNG, TIF, or PDF and must not exceed 2MB."
        },
        "name": "uploadedFile",
        "label": {
          "text": "Upload your BIL",
          "classes": "govuk-label--l"
        },
        "classes": "",
        "disabled": false,
        "multiple": false,
        "formGroup": {
          "classes": ""
        },
        "errorMessage": {
          "text": ""
        },
        "items": []
      },
      "editable_fields": [
        {
          "key": "labelText",
          "path": "label.text",
          "type": "text",
          "label": "Label Text"
        },
        {
          "key": "hintText",
          "path": "hint.text",
          "type": "text",
          "label": "Hint Text"
        },
        {
          "key": "labelClasses",
          "path": "label.classes",
          "type": "select",
          "label": "Label Classes",
          "options": [
            {
              "label": "Default (none)",
              "value": ""
            },
            {
              "label": "Small (s)",
              "value": "govuk-label--s"
            },
            {
              "label": "Medium (m)",
              "value": "govuk-label--m"
            },
            {
              "label": "Large (l)",
              "value": "govuk-label--l"
            }
          ]
        },
        {
          "key": "name",
          "path": "name",
          "type": "text",
          "label": "Input Name"
        },
        {
          "key": "id",
          "path": "id",
          "type": "text",
          "label": "Input ID"
        },
        {
          "key": "multiple",
          "path": "multiple",
          "type": "select",
          "label": "Allow Multiple Files?",
          "options": [
            {
              "label": "Yes",
              "value": true
            },
            {
              "label": "No",
              "value": false
            }
          ]
        },
        {
          "key": "disabled",
          "path": "disabled",
          "type": "select",
          "label": "Disabled",
          "options": [
            {
              "label": "Yes",
              "value": true
            },
            {
              "label": "No",
              "value": false
            }
          ]
        },
        {
          "key": "classes",
          "path": "classes",
          "type": "text",
          "label": "CSS Classes"
        },
        {
          "key": "formGroupClasses",
          "path": "formGroup.classes",
          "type": "select",
          "label": "Form Group Classes",
          "options": [
            {
              "label": "Default (none)",
              "value": ""
            },
            {
              "label": "Error State",
              "value": "govuk-form-group--error"
            }
          ]
        }
      ],
      "nunjucks_template": "{% from \"govuk/components/file-upload/macro.njk\" import govukFileUpload %}\n\n{{ govukFileUpload({\n  id: props.id,\n  name: props.name,\n  multiple: props.multiple,\n  disabled: props.disabled,\n  classes: props.classes,\n  label: {\n    text: props.label.text,\n    classes: props.label.classes\n  },\n  hint: {\n    text: props.hint.text\n  },\n  errorMessage: {\n    text: props.errorMessage.text\n  },\n  formGroup: {\n    classes: props.formGroup.classes\n  }\n}) }}",
      "status": "active",
      "created_at": "2025-03-27T21:03:12.000Z",
      "updated_at": "2025-03-27T21:03:12.000Z",
      "has_options": 0,
      "option_schema": null
    }
  ]
}